{
  "network_info": {
    "num_nodes": 4314,
    "num_edges": 379917,
    "density": 0.040837497787037734
  },
  "degree_centrality": {
    "mean": 0.04083749778703773,
    "std": 0.07464316135888704,
    "min": 0.00023185717597959656,
    "max": 0.5543705077672154,
    "median": 0.017157431022490146
  },
  "weighted_degree": {
    "mean": 0.066608432679532,
    "std": 0.1214751660311343,
    "min": 0.00030426845170825,
    "max": 1.0,
    "median": 0.0286012344605755
  },
  "betweenness_centrality": {
    "mean": 0.00453516789422856,
    "std": 0.03356593064526982,
    "min": 0.0,
    "max": 1.0,
    "median": 5.113083691760379e-06
  },
  "pri_score": {
    "mean": 0.2540056914254989,
    "std": 0.0620249783049519,
    "min": 0.028337205413344023,
    "max": 0.8433739811460046,
    "median": 0.2505650951770382
  },
  "pri_weights": {
    "degree": 0.25,
    "weighted_degree": 0.3,
    "betweenness": 0.2,
    "severity_profile": 0.25
  },
  "severity_weights": {
    "Contraindicated interaction": 10.0,
    "Major interaction": 7.0,
    "Moderate interaction": 4.0,
    "Minor interaction": 1.0
  }
}