{
  "pearson": {
    "degree_centrality": {
      "degree_centrality": 1.0,
      "weighted_degree": 0.9966254026850759,
      "betweenness_centrality": 0.5051029061235122,
      "pri_score": 0.8934559134733597,
      "contraindicated_count": 0.9198811055504788,
      "major_count": 0.8844085033637907
    },
    "weighted_degree": {
      "degree_centrality": 0.9966254026850759,
      "weighted_degree": 1.0,
      "betweenness_centrality": 0.5167048834760372,
      "pri_score": 0.909750362423099,
      "contraindicated_count": 0.948827259494574,
      "major_count": 0.8434982129381818
    },
    "betweenness_centrality": {
      "degree_centrality": 0.5051029061235122,
      "weighted_degree": 0.5167048834760372,
      "betweenness_centrality": 1.0,
      "pri_score": 0.5634615280514623,
      "contraindicated_count": 0.5279803591040568,
      "major_count": 0.37173368856710814
    },
    "pri_score": {
      "degree_centrality": 0.8934559134733597,
      "weighted_degree": 0.909750362423099,
      "betweenness_centrality": 0.5634615280514623,
      "pri_score": 1.0,
      "contraindicated_count": 0.9131318972298349,
      "major_count": 0.6825521363717438
    },
    "contraindicated_count": {
      "degree_centrality": 0.9198811055504788,
      "weighted_degree": 0.948827259494574,
      "betweenness_centrality": 0.5279803591040568,
      "pri_score": 0.9131318972298349,
      "contraindicated_count": 1.0,
      "major_count": 0.6307132229881763
    },
    "major_count": {
      "degree_centrality": 0.8844085033637907,
      "weighted_degree": 0.8434982129381818,
      "betweenness_centrality": 0.37173368856710814,
      "pri_score": 0.6825521363717438,
      "contraindicated_count": 0.6307132229881763,
      "major_count": 1.0
    }
  },
  "spearman": {
    "degree_centrality": {
      "degree_centrality": 1.0,
      "weighted_degree": 0.9968491565209425,
      "betweenness_centrality": 0.8621260690643672,
      "pri_score": 0.3394679900784148,
      "contraindicated_count": 0.8710874981491832,
      "major_count": 0.8509811011255244
    },
    "weighted_degree": {
      "degree_centrality": 0.9968491565209425,
      "weighted_degree": 1.0,
      "betweenness_centrality": 0.8646922976516911,
      "pri_score": 0.392083280141604,
      "contraindicated_count": 0.9023568992908125,
      "major_count": 0.8171360950519454
    },
    "betweenness_centrality": {
      "degree_centrality": 0.8621260690643672,
      "weighted_degree": 0.8646922976516911,
      "betweenness_centrality": 1.0,
      "pri_score": 0.37181859294098424,
      "contraindicated_count": 0.7933972474413915,
      "major_count": 0.7137799209452241
    },
    "pri_score": {
      "degree_centrality": 0.3394679900784148,
      "weighted_degree": 0.392083280141604,
      "betweenness_centrality": 0.37181859294098424,
      "pri_score": 1.0,
      "contraindicated_count": 0.6466918321468863,
      "major_count": -0.09125709566067346
    },
    "contraindicated_count": {
      "degree_centrality": 0.8710874981491832,
      "weighted_degree": 0.9023568992908125,
      "betweenness_centrality": 0.7933972474413915,
      "pri_score": 0.6466918321468863,
      "contraindicated_count": 1.0,
      "major_count": 0.5507050524978867
    },
    "major_count": {
      "degree_centrality": 0.8509811011255244,
      "weighted_degree": 0.8171360950519454,
      "betweenness_centrality": 0.7137799209452241,
      "pri_score": -0.09125709566067346,
      "contraindicated_count": 0.5507050524978867,
      "major_count": 1.0
    }
  }
}