,degree_centrality,weighted_degree,betweenness_centrality,pri_score,contraindicated_count,major_count
degree_centrality,1.0,0.9966254026850759,0.505102906123513,0.8934559134733595,0.9198811055504788,0.8844085033637906
weighted_degree,0.9966254026850759,1.0,0.5167048834760382,0.9097503624230987,0.9488272594945736,0.843498212938182
betweenness_centrality,0.505102906123513,0.5167048834760382,1.0,0.5634615280514637,0.5279803591040577,0.3717336885671086
pri_score,0.8934559134733595,0.9097503624230987,0.5634615280514637,1.0,0.913131897229835,0.6825521363717438
contraindicated_count,0.9198811055504788,0.9488272594945736,0.5279803591040577,0.913131897229835,1.0,0.6307132229881762
major_count,0.8844085033637906,0.843498212938182,0.3717336885671086,0.6825521363717438,0.6307132229881762,1.0
