{
  "dataset": {
    "total_records": 759774,
    "unique_drugs": 4314,
    "unique_interactions": 379917,
    "severity_distribution": {
      "Contraindicated interaction": 432226,
      "Major interaction": 326716,
      "Minor interaction": 808,
      "Moderate interaction": 24
    }
  },
  "centrality_metrics": {
    "degree": {
      "mean": 0.04083749778703773,
      "std": 0.07464316135888704,
      "q25": 0.0034778576396939484,
      "q50": 0.017157431022490146,
      "q75": 0.039647577092511016
    },
    "weighted_degree": {
      "mean": 0.066608432679532,
      "std": 0.1214751660311343,
      "q25": 0.006085369034165,
      "q50": 0.0286012344605755,
      "q75": 0.06405937581500477
    },
    "betweenness": {
      "mean": 0.00453516789422861,
      "std": 0.033565930645270144,
      "q25": 5.6712907323419996e-08,
      "q50": 5.1130836917604395e-06,
      "q75": 0.00010942547066241607
    },
    "pri": {
      "mean": 0.25400569142549895,
      "std": 0.06202497830495193,
      "q25": 0.22588835555532216,
      "q50": 0.2505650951770382,
      "q75": 0.2561445926863897
    }
  },
  "drug_categories": {
    "cardiovascular": 450,
    "non_cardiovascular": 3864
  }
}