{
  "cardiovascular_vs_other": {
    "test": "Mann-Whitney U",
    "n_cardiovascular": 450,
    "n_other": 3864,
    "mean_cardiovascular": 0.38972462426869886,
    "mean_other": 0.2381999150850641,
    "statistic": 1620667.5,
    "p_value": 2.2217566914368508e-198
  },
  "normality_test_pri": {
    "test": "Shapiro-Wilk (sample)",
    "statistic": 0.7193802827024249,
    "p_value": 6.493274091359866e-38
  }
}