{
  "total_drugs": 4314,
  "mean_pri": 0.25400569142549895,
  "std_pri": 0.06202497830495193,
  "median_pri": 0.2505650951770382,
  "max_pri": 0.8433739811460066,
  "pareto_80_percent": 74.71024571163653,
  "risk_zones": {
    "low": 529,
    "moderate": 3482,
    "high": 246,
    "critical": 57
  },
  "cv_vs_other": {
    "cv_mean": 0.38972462426869886,
    "other_mean": 0.2381999150850641,
    "p_value": 2.2217566914368508e-198
  }
}